{"lr_wide_0": [0.01, 0.01, 0.01, 0.001, 0.001, 0.001, 0.0001, 0.0001, 0.0001, 1e-05, 1e-05, 1e-05, 1.0000000000000002e-06, 1.0000000000000002e-06, 1.0000000000000002e-06, 1.0000000000000002e-07, 1.0000000000000002e-07, 1.0000000000000004e-08, 1.0000000000000004e-08, 1.0000000000000004e-08], "lr_deeptabular_0": [0.001, 0.001, 0.001, 0.001, 0.001, 0.0001, 0.0001, 0.0001, 0.0001, 0.0001, 1e-05, 1e-05, 1e-05, 1e-05, 1e-05, 1.0000000000000002e-06, 1.0000000000000002e-06, 1.0000000000000002e-06, 1.0000000000000002e-06, 1.0000000000000002e-07]}