{"train_loss": [0.8789070504052299, 0.824754170009068, 0.7499708192689079, 0.7334788611957005, 0.7128704871450152, 0.7079063824244908, 0.6876504421234131, 0.6956384948321751, 0.696983448096684, 0.6996497256415231, 0.7052535670144218, 0.6832959183624813, 0.7029065234320504, 0.6891029264245715, 0.70174754517419, 0.705595110143934, 0.6985968436513629, 0.712040194443294, 0.7112787961959839, 0.6850284082548959], "train_acc": [0.4272300469483568, 0.44835680751173707, 0.460093896713615, 0.460093896713615, 0.47417840375586856, 0.47183098591549294, 0.4765258215962441, 0.4859154929577465, 0.4647887323943662, 0.460093896713615, 0.4788732394366197, 0.4694835680751174, 0.4765258215962441, 0.4647887323943662, 0.4647887323943662, 0.4671361502347418, 0.47417840375586856, 0.47183098591549294, 0.47183098591549294, 0.47183098591549294], "train_rec": [0.39534884691238403, 0.40697672963142395, 0.40697672963142395, 0.38372093439102173, 0.43023255467414856, 0.40697672963142395, 0.4127906858921051, 0.4244185984134674, 0.39534884691238403, 0.39534884691238403, 0.4011628031730652, 0.40697672963142395, 0.41860464215278625, 0.3895348906517029, 0.40697672963142395, 0.39534884691238403, 0.4011628031730652, 0.40697672963142395, 0.40697672963142395, 0.4127906858921051], "train_prec": [0.32692307233810425, 0.3448275923728943, 0.35353535413742065, 0.34736841917037964, 0.3700000047683716, 0.36269429326057434, 0.3678756356239319, 0.37823835015296936, 0.3541666567325592, 0.3505154550075531, 0.36702126264572144, 0.36082473397254944, 0.3692307770252228, 0.3526315689086914, 0.3571428656578064, 0.3560209572315216, 0.36315789818763733, 0.36269429326057434, 0.36269429326057434, 0.3641025722026825], "val_loss": [0.8559698065121969, 0.7967140078544617, 0.7518647511800131, 0.7439451217651367, 0.7359244028727213, 0.7321273187796274, 0.7312333583831787, 0.7303199370702108, 0.729368527730306, 0.7286748091379801, 0.7286716997623444, 0.7284741898377737, 0.7283655007680258, 0.7282678683598837, 0.7280331552028656, 0.7280893425146738, 0.7281256516774496, 0.7280116180578867, 0.728101521730423, 0.7281115452448527], "val_acc": [0.44755244755244755, 0.46853146853146854, 0.4825174825174825, 0.4825174825174825, 0.4825174825174825, 0.4825174825174825, 0.4825174825174825, 0.4825174825174825, 0.4825174825174825, 0.4825174825174825, 0.4825174825174825, 0.4825174825174825, 0.4825174825174825, 0.4825174825174825, 0.4825174825174825, 0.4825174825174825, 0.4825174825174825, 0.4825174825174825, 0.4825174825174825, 0.4825174825174825], "val_rec": [0.5344827771186829, 0.517241358757019, 0.517241358757019, 0.517241358757019, 0.517241358757019, 0.517241358757019, 0.517241358757019, 0.517241358757019, 0.517241358757019, 0.517241358757019, 0.517241358757019, 0.517241358757019, 0.517241358757019, 0.517241358757019, 0.517241358757019, 0.517241358757019, 0.517241358757019, 0.517241358757019, 0.517241358757019, 0.517241358757019], "val_prec": [0.3734939694404602, 0.38461539149284363, 0.3947368562221527, 0.3947368562221527, 0.3947368562221527, 0.3947368562221527, 0.3947368562221527, 0.3947368562221527, 0.3947368562221527, 0.3947368562221527, 0.3947368562221527, 0.3947368562221527, 0.3947368562221527, 0.3947368562221527, 0.3947368562221527, 0.3947368562221527, 0.3947368562221527, 0.3947368562221527, 0.3947368562221527, 0.3947368562221527]}